;illumina P7 adapter;i7 index;i7 sample index primer;i7 index-adapter sequence;illumina P5 adapter;i5 index;i5 sample index primer;i5 Index-adapter sequence
A11;CAAGCAGAAGACGGCATACGAGAT;AATTGAAGCG;ACACGCACGATCCGACGGTAGTGT;CAAGCAGAAGACGGCATACGAGATAATTGAAGCGACACGCACGATCCGACGGTAGTGT;AATGATACGGCGACCACCGAGATCTACAC;GGTTGGCAGG;ATACGAGATCCGTAATCGGGAAGCTGAAG;AATGATACGGCGACCACCGAGATCTACACGGTTGGCAGGATACGAGATCCGTAATCGGGAAGCTGAAG
C11;CAAGCAGAAGACGGCATACGAGAT;ATATGCCGCG;ACACGCACGATCCGACGGTAGTGT;CAAGCAGAAGACGGCATACGAGATATATGCCGCGACACGCACGATCCGACGGTAGTGT;AATGATACGGCGACCACCGAGATCTACAC;AATACTCTTC;ATACGAGATCCGTAATCGGGAAGCTGAAG;AATGATACGGCGACCACCGAGATCTACACAATACTCTTCATACGAGATCCGTAATCGGGAAGCTGAAG
E11;CAAGCAGAAGACGGCATACGAGAT;CCTGCCAACC;ACACGCACGATCCGACGGTAGTGT;CAAGCAGAAGACGGCATACGAGATCCTGCCAACCACACGCACGATCCGACGGTAGTGT;AATGATACGGCGACCACCGAGATCTACAC;CGCTTCAATT;ATACGAGATCCGTAATCGGGAAGCTGAAG;AATGATACGGCGACCACCGAGATCTACACCGCTTCAATTATACGAGATCCGTAATCGGGAAGCTGAAG
D11;CAAGCAGAAGACGGCATACGAGAT;CAATTCAGCC;ACACGCACGATCCGACGGTAGTGT;CAAGCAGAAGACGGCATACGAGATCAATTCAGCCACACGCACGATCCGACGGTAGTGT;AATGATACGGCGACCACCGAGATCTACAC;AGTATTCTGC;ATACGAGATCCGTAATCGGGAAGCTGAAG;AATGATACGGCGACCACCGAGATCTACACAGTATTCTGCATACGAGATCCGTAATCGGGAAGCTGAAG
B11;CAAGCAGAAGACGGCATACGAGAT;AGATCGAATA;ACACGCACGATCCGACGGTAGTGT;CAAGCAGAAGACGGCATACGAGATAGATCGAATAACACGCACGATCCGACGGTAGTGT;AATGATACGGCGACCACCGAGATCTACAC;AACTCAGACG;ATACGAGATCCGTAATCGGGAAGCTGAAG;AATGATACGGCGACCACCGAGATCTACACAACTCAGACGATACGAGATCCGTAATCGGGAAGCTGAAG
G11;CAAGCAGAAGACGGCATACGAGAT;GAAGAGTATT;ACACGCACGATCCGACGGTAGTGT;CAAGCAGAAGACGGCATACGAGATGAAGAGTATTACACGCACGATCCGACGGTAGTGT;AATGATACGGCGACCACCGAGATCTACAC;CGCGGCATAT;ATACGAGATCCGTAATCGGGAAGCTGAAG;AATGATACGGCGACCACCGAGATCTACACCGCGGCATATATACGAGATCCGTAATCGGGAAGCTGAAG
D12;CAAGCAGAAGACGGCATACGAGAT;CAGCGAACTT;ACACGCACGATCCGACGGTAGTGT;CAAGCAGAAGACGGCATACGAGATCAGCGAACTTACACGCACGATCCGACGGTAGTGT;AATGATACGGCGACCACCGAGATCTACAC;TGCGCGATGC;ATACGAGATCCGTAATCGGGAAGCTGAAG;AATGATACGGCGACCACCGAGATCTACACTGCGCGATGCATACGAGATCCGTAATCGGGAAGCTGAAG
F12;CAAGCAGAAGACGGCATACGAGAT;CTAAGAGTTA;ACACGCACGATCCGACGGTAGTGT;CAAGCAGAAGACGGCATACGAGATCTAAGAGTTAACACGCACGATCCGACGGTAGTGT;AATGATACGGCGACCACCGAGATCTACAC;ACTGGATGCT;ATACGAGATCCGTAATCGGGAAGCTGAAG;AATGATACGGCGACCACCGAGATCTACACACTGGATGCTATACGAGATCCGTAATCGGGAAGCTGAAG
E12;CAAGCAGAAGACGGCATACGAGAT;CCTTCCTTCA;ACACGCACGATCCGACGGTAGTGT;CAAGCAGAAGACGGCATACGAGATCCTTCCTTCAACACGCACGATCCGACGGTAGTGT;AATGATACGGCGACCACCGAGATCTACAC;CTGAACTGGT;ATACGAGATCCGTAATCGGGAAGCTGAAG;AATGATACGGCGACCACCGAGATCTACACCTGAACTGGTATACGAGATCCGTAATCGGGAAGCTGAAG
H11;CAAGCAGAAGACGGCATACGAGAT;GCAGAATACT;ACACGCACGATCCGACGGTAGTGT;CAAGCAGAAGACGGCATACGAGATGCAGAATACTACACGCACGATCCGACGGTAGTGT;AATGATACGGCGACCACCGAGATCTACAC;GGCTGAATTG;ATACGAGATCCGTAATCGGGAAGCTGAAG;AATGATACGGCGACCACCGAGATCTACACGGCTGAATTGATACGAGATCCGTAATCGGGAAGCTGAAG
B12;CAAGCAGAAGACGGCATACGAGAT;AGCATCCAGT;ACACGCACGATCCGACGGTAGTGT;CAAGCAGAAGACGGCATACGAGATAGCATCCAGTACACGCACGATCCGACGGTAGTGT;AATGATACGGCGACCACCGAGATCTACAC;TAACTCTTAG;ATACGAGATCCGTAATCGGGAAGCTGAAG;AATGATACGGCGACCACCGAGATCTACACTAACTCTTAGATACGAGATCCGTAATCGGGAAGCTGAAG
H12;CAAGCAGAAGACGGCATACGAGAT;GCATCGCGCA;ACACGCACGATCCGACGGTAGTGT;CAAGCAGAAGACGGCATACGAGATGCATCGCGCAACACGCACGATCCGACGGTAGTGT;AATGATACGGCGACCACCGAGATCTACAC;AAGTTCGCTG;ATACGAGATCCGTAATCGGGAAGCTGAAG;AATGATACGGCGACCACCGAGATCTACACAAGTTCGCTGATACGAGATCCGTAATCGGGAAGCTGAAG
C12;CAAGCAGAAGACGGCATACGAGAT;ATCATTGCGT;ACACGCACGATCCGACGGTAGTGT;CAAGCAGAAGACGGCATACGAGATATCATTGCGTACACGCACGATCCGACGGTAGTGT;AATGATACGGCGACCACCGAGATCTACAC;TATGATATTC;ATACGAGATCCGTAATCGGGAAGCTGAAG;AATGATACGGCGACCACCGAGATCTACACTATGATATTCATACGAGATCCGTAATCGGGAAGCTGAAG
G12;CAAGCAGAAGACGGCATACGAGAT;GAATATCATA;ACACGCACGATCCGACGGTAGTGT;CAAGCAGAAGACGGCATACGAGATGAATATCATAACACGCACGATCCGACGGTAGTGT;AATGATACGGCGACCACCGAGATCTACAC;ACGCAATGAT;ATACGAGATCCGTAATCGGGAAGCTGAAG;AATGATACGGCGACCACCGAGATCTACACACGCAATGATATACGAGATCCGTAATCGGGAAGCTGAAG
F11;CAAGCAGAAGACGGCATACGAGAT;CGTCTGAGTT;ACACGCACGATCCGACGGTAGTGT;CAAGCAGAAGACGGCATACGAGATCGTCTGAGTTACACGCACGATCCGACGGTAGTGT;AATGATACGGCGACCACCGAGATCTACAC;TATTCGATCT;ATACGAGATCCGTAATCGGGAAGCTGAAG;AATGATACGGCGACCACCGAGATCTACACTATTCGATCTATACGAGATCCGTAATCGGGAAGCTGAAG
A12;CAAGCAGAAGACGGCATACGAGAT;ACCAGTTCAG;ACACGCACGATCCGACGGTAGTGT;CAAGCAGAAGACGGCATACGAGATACCAGTTCAGACACGCACGATCCGACGGTAGTGT;AATGATACGGCGACCACCGAGATCTACAC;TGAAGGAAGG;ATACGAGATCCGTAATCGGGAAGCTGAAG;AATGATACGGCGACCACCGAGATCTACACTGAAGGAAGGATACGAGATCCGTAATCGGGAAGCTGAAG
